Compiler version,clang version 4.0.0 (trunk 277596)
Compiler flags,

Date,2016-08-03

mpgcut-1.1,mpgcut.c.o,14113
jpeg-6b,ansi2knr.c.o,5286
jpeg-6b,cdjpeg.c.o,406
jpeg-6b,cjpeg.c.o,7811
jpeg-6b,ckconfig.c.o,3267
jpeg-6b,djpeg.c.o,8683
jpeg-6b,jcapimin.c.o,2216
jpeg-6b,jcapistd.c.o,1140
jpeg-6b,jccoefct.c.o,3497
jpeg-6b,jccolor.c.o,3725
jpeg-6b,jcdctmgr.c.o,3556
jpeg-6b,jchuff.c.o,7514
jpeg-6b,jcinit.c.o,373
jpeg-6b,jcmainct.c.o,937
jpeg-6b,jcmarker.c.o,4510
jpeg-6b,jcmaster.c.o,6033
jpeg-6b,jcomapi.c.o,533
jpeg-6b,jcparam.c.o,6605
jpeg-6b,jcphuff.c.o,5962
jpeg-6b,jcprepct.c.o,2797
jpeg-6b,jcsample.c.o,4551
jpeg-6b,jctrans.c.o,3104
jpeg-6b,jdapimin.c.o,3110
jpeg-6b,jdapistd.c.o,2336
jpeg-6b,jdatadst.c.o,763
jpeg-6b,jdatasrc.c.o,882
jpeg-6b,jdcoefct.c.o,7478
jpeg-6b,jdcolor.c.o,3271
jpeg-6b,jddctmgr.c.o,1571
jpeg-6b,jdhuff.c.o,6104
jpeg-6b,jdinput.c.o,3264
jpeg-6b,jdmainct.c.o,3541
jpeg-6b,jdmarker.c.o,18625
jpeg-6b,jdmaster.c.o,4391
jpeg-6b,jdmerge.c.o,3361
jpeg-6b,jdphuff.c.o,6515
jpeg-6b,jdpostct.c.o,1909
jpeg-6b,jdsample.c.o,3912
jpeg-6b,jdtrans.c.o,882
jpeg-6b,jerror.c.o,6868
jpeg-6b,jfdctflt.c.o,1376
jpeg-6b,jfdctfst.c.o,1066
jpeg-6b,jfdctint.c.o,1778
jpeg-6b,jidctflt.c.o,2352
jpeg-6b,jidctfst.c.o,2092
jpeg-6b,jidctint.c.o,2926
jpeg-6b,jidctred.c.o,2745
jpeg-6b,jmemmgr.c.o,7569
jpeg-6b,jmemnobs.c.o,530
jpeg-6b,jpegtran.c.o,5667
jpeg-6b,jquant1.c.o,6430
jpeg-6b,jquant2.c.o,10006
jpeg-6b,jutils.c.o,895
jpeg-6b,rdbmp.c.o,4611
jpeg-6b,rdcolmap.c.o,2183
jpeg-6b,rdgif.c.o,159
jpeg-6b,rdjpgcom.c.o,4547
jpeg-6b,rdppm.c.o,4311
jpeg-6b,rdrle.c.o,0
jpeg-6b,rdswitch.c.o,3651
jpeg-6b,rdtarga.c.o,4089
jpeg-6b,transupp.c.o,9875
jpeg-6b,wrbmp.c.o,4342
jpeg-6b,wrgif.c.o,3032
jpeg-6b,wrjpgcom.c.o,5504
jpeg-6b,wrppm.c.o,1858
jpeg-6b,wrrle.c.o,0
jpeg-6b,wrtarga.c.o,2003
zlib-1.1.4,adler32.c.o,856
zlib-1.1.4,compress.c.o,511
zlib-1.1.4,crc32.c.o,2809
zlib-1.1.4,deflate.c.o,13895
zlib-1.1.4,example.c.o,8252
zlib-1.1.4,gzio.c.o,8868
zlib-1.1.4,infblock.c.o,7683
zlib-1.1.4,infcodes.c.o,4857
zlib-1.1.4,inffast.c.o,2903
zlib-1.1.4,inflate.c.o,4191
zlib-1.1.4,inftrees.c.o,4977
zlib-1.1.4,infutil.c.o,673
zlib-1.1.4,minigzip.c.o,2275
zlib-1.1.4,trees.c.o,18833
zlib-1.1.4,uncompr.c.o,427
zlib-1.1.4,zutil.c.o,418
replaypc-0.4.0.preproc,addressbook.o,1112
replaypc-0.4.0.preproc,bigfile.o,672
replaypc-0.4.0.preproc,build-ndx.o,947
replaypc-0.4.0.preproc,cg.o,3392
replaypc-0.4.0.preproc,channelset.o,346
replaypc-0.4.0.preproc,crypt.o,1510
replaypc-0.4.0.preproc,crypt-test.o,2383
replaypc-0.4.0.preproc,dump-addressbook.o,811
replaypc-0.4.0.preproc,dump-cg2.o,748
replaypc-0.4.0.preproc,dump-channelset.o,641
replaypc-0.4.0.preproc,dump-filedarray.o,841
replaypc-0.4.0.preproc,dump-guide.o,971
replaypc-0.4.0.preproc,dump-headend.o,626
replaypc-0.4.0.preproc,dump.o,2629
replaypc-0.4.0.preproc,dump-programset.o,1022
replaypc-0.4.0.preproc,dump-replaychannels.o,548
replaypc-0.4.0.preproc,dump-replayshows.o,543
replaypc-0.4.0.preproc,dump-zipcode2.o,543
replaypc-0.4.0.preproc,filedarray.o,386
replaypc-0.4.0.preproc,find-GOPs.o,533
replaypc-0.4.0.preproc,guideclient.o,1228
replaypc-0.4.0.preproc,guide.o,9846
replaypc-0.4.0.preproc,headend.o,1306
replaypc-0.4.0.preproc,httpclient.o,4676
replaypc-0.4.0.preproc,httpfsclient.o,3888
replaypc-0.4.0.preproc,httpfs.o,9114
replaypc-0.4.0.preproc,mark-commercial.o,2678
replaypc-0.4.0.preproc,ndx-dump.o,5749
replaypc-0.4.0.preproc,ndx.o,917
replaypc-0.4.0.preproc,program.o,2945
replaypc-0.4.0.preproc,rddnsclient.o,1903
replaypc-0.4.0.preproc,rddns.o,974
replaypc-0.4.0.preproc,ReplayPC.o,6033
replaypc-0.4.0.preproc,rtvguide.o,1981
replaypc-0.4.0.preproc,rtv.o,1666
replaypc-0.4.0.preproc,sleep.o,89
replaypc-0.4.0.preproc,un-protect.o,1627
replaypc-0.4.0.preproc,version-test.o,279
replaypc-0.4.0.preproc,zipcode.o,573
OpenTCP-1.0.4,arp.c.o,4797
OpenTCP-1.0.4,bootp.c.o,3879
OpenTCP-1.0.4,dhcpc.c.o,6096
OpenTCP-1.0.4,dns.c.o,3073
OpenTCP-1.0.4,ethernet.c.o,3716
OpenTCP-1.0.4,https_callbacks.c.o,971
OpenTCP-1.0.4,http_server.c.o,4127
OpenTCP-1.0.4,icmp.c.o,777
OpenTCP-1.0.4,ip.c.o,5063
OpenTCP-1.0.4,main_demo.c.o,606
OpenTCP-1.0.4,pop3c_callbacks.c.o,364
OpenTCP-1.0.4,pop3_client.c.o,8988
OpenTCP-1.0.4,smtpc_callbacks.c.o,382
OpenTCP-1.0.4,smtp_client.c.o,5680
OpenTCP-1.0.4,system.c.o,3003
OpenTCP-1.0.4,tcp_client_demo.c.o,1274
OpenTCP-1.0.4,tcp.c.o,14883
OpenTCP-1.0.4,tcp_server_demo.c.o,1226
OpenTCP-1.0.4,tftps.c.o,2220
OpenTCP-1.0.4,timers.c.o,812
OpenTCP-1.0.4,udp.c.o,4224
OpenTCP-1.0.4,udp_demo.c.o,692
bzip2-1.0.2,blocksort.c.o,14576
bzip2-1.0.2,bzip2.c.o,26681
bzip2-1.0.2,bzip2recover.c.o,5550
bzip2-1.0.2,bzlib.c.o,22380
bzip2-1.0.2,compress.c.o,21796
bzip2-1.0.2,crctable.c.o,0
bzip2-1.0.2,decompress.c.o,20054
bzip2-1.0.2,huffman.c.o,2540
bzip2-1.0.2,randtable.c.o,0
mpeg2dec-0.3.1,alloc.c.o,362
mpeg2dec-0.3.1,cpu_accel.c.o,74
mpeg2dec-0.3.1,cpu_state.c.o,66
mpeg2dec-0.3.1,decode.c.o,5279
mpeg2dec-0.3.1,extract_mpeg2.c.o,8892
mpeg2dec-0.3.1,getopt.c.o,0
mpeg2dec-0.3.1,gettimeofday.c.o,0
mpeg2dec-0.3.1,header.c.o,9053
mpeg2dec-0.3.1,idct_alpha.c.o,0
mpeg2dec-0.3.1,idct_altivec.c.o,0
mpeg2dec-0.3.1,idct.c.o,3085
mpeg2dec-0.3.1,idct_mlib.c.o,0
mpeg2dec-0.3.1,idct_mmx.c.o,0
mpeg2dec-0.3.1,motion_comp_alpha.c.o,0
mpeg2dec-0.3.1,motion_comp_altivec.c.o,0
mpeg2dec-0.3.1,motion_comp.c.o,10852
mpeg2dec-0.3.1,motion_comp_mlib.c.o,0
mpeg2dec-0.3.1,motion_comp_mmx.c.o,0
mpeg2dec-0.3.1,mpeg2dec.c.o,11280
mpeg2dec-0.3.1,slice.c.o,38031
mpeg2dec-0.3.1,video_out.c.o,130
mpeg2dec-0.3.1,video_out_dx.c.o,0
mpeg2dec-0.3.1,video_out_null.c.o,1081
mpeg2dec-0.3.1,video_out_pgm.c.o,1435
mpeg2dec-0.3.1,video_out_sdl.c.o,1468
mpeg2dec-0.3.1,video_out_x11.c.o,0
mpeg2dec-0.3.1,yuv2rgb.c.o,10624
mpeg2dec-0.3.1,yuv2rgb_mlib.c.o,0
mpeg2dec-0.3.1,yuv2rgb_mmx.c.o,0
jikespg-1.3,ctabs.c.o,70332
jikespg-1.3,globals.c.o,56
jikespg-1.3,lpgparse.c.o,83345
jikespg-1.3,lpgutil.c.o,9592
jikespg-1.3,main.c.o,9649
jikespg-1.3,mkfirst.c.o,26741
jikespg-1.3,mkred.c.o,11583
jikespg-1.3,mkstates.c.o,5611
jikespg-1.3,partset.c.o,2927
jikespg-1.3,prntstat.c.o,6918
jikespg-1.3,produce.c.o,21295
jikespg-1.3,ptables.c.o,5337
jikespg-1.3,remsp.c.o,14727
jikespg-1.3,resolve.c.o,23229
jikespg-1.3,spacetab.c.o,36473
jikespg-1.3,tabutil.c.o,24551
jikespg-1.3,timetab.c.o,17165
libmspack,cabc.c.o,106
libmspack,cabd.c.o,14579
libmspack,cabd_md5.c.o,2371
libmspack,cabd_test.c.o,19152
libmspack,cabextract_md5.c.o,46754
libmspack,cabrip.c.o,923
libmspack,chmc.c.o,106
libmspack,chmd.c.o,8972
libmspack,chmd_md5.c.o,2275
libmspack,hlpc.c.o,106
libmspack,hlpd.c.o,106
libmspack,kwajc.c.o,106
libmspack,kwajd.c.o,106
libmspack,litc.c.o,106
libmspack,litd.c.o,106
libmspack,lzxc.c.o,0
libmspack,lzxd.c.o,15688
libmspack,md5.c.o,7811
libmspack,mszipc.c.o,0
libmspack,mszipd.c.o,233
libmspack,qtmc.c.o,0
libmspack,qtmd.c.o,11464
libmspack,system.c.o,2325
libmspack,szddc.c.o,106
libmspack,szddd.c.o,106
compiler,cg.c.o,5340
compiler,main.c.o,4870
compiler,parser.c.o,7985
compiler,scanner.c.o,5658
compiler,vam.c.o,8811
compiler,vas.c.o,8530
teem-1.6.0-src,1op.c.o,2551
teem-1.6.0-src,2op.c.o,3186
teem-1.6.0-src,3op.c.o,3449
teem-1.6.0-src,754.c.o,5149
teem-1.6.0-src,about.c.o,3669
teem-1.6.0-src,accessors.c.o,19502
teem-1.6.0-src,aniso.c.o,6798
teem-1.6.0-src,apply1D.c.o,14865
teem-1.6.0-src,arith.c.o,13004
teem-1.6.0-src,array.c.o,1859
teem-1.6.0-src,arraysNrrd.c.o,0
teem-1.6.0-src,ax.c.o,4440
teem-1.6.0-src,axdelete.c.o,2451
teem-1.6.0-src,axinfo.c.o,2392
teem-1.6.0-src,axinsert.c.o,1835
teem-1.6.0-src,axis.c.o,7865
teem-1.6.0-src,axmerge.c.o,2254
teem-1.6.0-src,axsplit.c.o,1822
teem-1.6.0-src,bday.c.o,1601
teem-1.6.0-src,biff.c.o,4529
teem-1.6.0-src,bimod.c.o,9654
teem-1.6.0-src,block.c.o,1669
teem-1.6.0-src,bounds.c.o,13742
teem-1.6.0-src,bow.c.o,931
teem-1.6.0-src,cam.c.o,10536
teem-1.6.0-src,ccadj.c.o,1770
teem-1.6.0-src,cc.c.o,23974
teem-1.6.0-src,ccfind.c.o,2715
teem-1.6.0-src,ccmerge.c.o,3759
teem-1.6.0-src,ccmethods.c.o,2788
teem-1.6.0-src,ccsettle.c.o,1789
teem-1.6.0-src,chan.c.o,15188
teem-1.6.0-src,clip.c.o,1789
teem-1.6.0-src,cmedian.c.o,3748
teem-1.6.0-src,color.c.o,10891
teem-1.6.0-src,comment.c.o,1328
teem-1.6.0-src,conv.c.o,806
teem-1.6.0-src,convert.c.o,1781
teem-1.6.0-src,convertDye.c.o,6844
teem-1.6.0-src,convertNrrd.c.o,10882
teem-1.6.0-src,convo.c.o,3754
teem-1.6.0-src,coreAlan.c.o,9407
teem-1.6.0-src,crop.c.o,2600
teem-1.6.0-src,ctx.c.o,9180
teem-1.6.0-src,cubicEll.c.o,2485
teem-1.6.0-src,data.c.o,1759
teem-1.6.0-src,defaultsBane.c.o,5
teem-1.6.0-src,defaultsGage.c.o,5
teem-1.6.0-src,defaultsHest.c.o,0
teem-1.6.0-src,defaultsHoover.c.o,7
teem-1.6.0-src,defaultsLimn.c.o,5
teem-1.6.0-src,defaultsMite.c.o,5
teem-1.6.0-src,defaultsMoss.c.o,5
teem-1.6.0-src,defaultsNrrd.c.o,996
teem-1.6.0-src,defaultsTen.c.o,16
teem-1.6.0-src,dehex.c.o,1423
teem-1.6.0-src,dhisto.c.o,2072
teem-1.6.0-src,dice.c.o,3109
teem-1.6.0-src,dio.c.o,2359
teem-1.6.0-src,doubleprint.c.o,1040
teem-1.6.0-src,eigen.c.o,5735
teem-1.6.0-src,encodingAscii.c.o,2818
teem-1.6.0-src,encodingBzip2.c.o,827
teem-1.6.0-src,encoding.c.o,982
teem-1.6.0-src,encodingGzip.c.o,899
teem-1.6.0-src,encodingHex.c.o,2424
teem-1.6.0-src,encodingRaw.c.o,3560
teem-1.6.0-src,endianAir.c.o,4
teem-1.6.0-src,endianNrrd.c.o,1251
teem-1.6.0-src,enhex.c.o,1284
teem-1.6.0-src,enum.c.o,2084
teem-1.6.0-src,enumsAlan.c.o,0
teem-1.6.0-src,enumsEcho.c.o,0
teem-1.6.0-src,enumsNrrd.c.o,0
teem-1.6.0-src,enumsTen.c.o,0
teem-1.6.0-src,env.c.o,2316
teem-1.6.0-src,epireg.c.o,26302
teem-1.6.0-src,ex0.c.o,868
teem-1.6.0-src,ex1.c.o,2021
teem-1.6.0-src,ex2.c.o,1537
teem-1.6.0-src,ex3.c.o,2598
teem-1.6.0-src,ex4.c.o,1921
teem-1.6.0-src,ex5.c.o,1550
teem-1.6.0-src,fiber.c.o,6765
teem-1.6.0-src,fiberMethods.c.o,6494
teem-1.6.0-src,filt.c.o,8641
teem-1.6.0-src,filter.c.o,5467
teem-1.6.0-src,flip.c.o,1423
teem-1.6.0-src,floatprint.c.o,1033
teem-1.6.0-src,flotsam.c.o,4982
teem-1.6.0-src,format.c.o,1204
teem-1.6.0-src,formatEPS.c.o,4156
teem-1.6.0-src,formatNRRD.c.o,6820
teem-1.6.0-src,formatPNG.c.o,1282
teem-1.6.0-src,formatPNM.c.o,6350
teem-1.6.0-src,formatText.c.o,5792
teem-1.6.0-src,formatVTK.c.o,11034
teem-1.6.0-src,fp.c.o,2456
teem-1.6.0-src,gamma.c.o,2117
teem-1.6.0-src,genmat.c.o,6472
teem-1.6.0-src,genvol.c.o,2428
teem-1.6.0-src,gkmsFlotsam.c.o,4180
teem-1.6.0-src,gkmsHvol.c.o,4388
teem-1.6.0-src,gkmsInfo.c.o,1980
teem-1.6.0-src,gkmsMite.c.o,2018
teem-1.6.0-src,gkmsOpac.c.o,4942
teem-1.6.0-src,gkmsPvg.c.o,5068
teem-1.6.0-src,gkmsScat.c.o,2593
teem-1.6.0-src,gkmsTxf.c.o,4775
teem-1.6.0-src,glyph.c.o,10794
teem-1.6.0-src,gzio.c.o,0
teem-1.6.0-src,head.c.o,2282
teem-1.6.0-src,heq.c.o,3036
teem-1.6.0-src,hestLimn.c.o,1733
teem-1.6.0-src,hestMoss.c.o,2108
teem-1.6.0-src,hestNrrd.c.o,2536
teem-1.6.0-src,histax.c.o,2230
teem-1.6.0-src,histo.c.o,2391
teem-1.6.0-src,histogram.c.o,13573
teem-1.6.0-src,hvol.c.o,12399
teem-1.6.0-src,imap.c.o,3666
teem-1.6.0-src,inc.c.o,5197
teem-1.6.0-src,inset.c.o,2408
teem-1.6.0-src,intx.c.o,18927
teem-1.6.0-src,invert.c.o,1261
teem-1.6.0-src,io.c.o,1146
teem-1.6.0-src,iter.c.o,1783
teem-1.6.0-src,jhisto.c.o,4001
teem-1.6.0-src,join.c.o,2169
teem-1.6.0-src,kernel.c.o,34311
teem-1.6.0-src,keyvalue.c.o,2316
teem-1.6.0-src,kv.c.o,706
teem-1.6.0-src,light.c.o,1096
teem-1.6.0-src,lightEcho.c.o,1165
teem-1.6.0-src,list.c.o,3283
teem-1.6.0-src,lut.c.o,3152
teem-1.6.0-src,make.c.o,9849
teem-1.6.0-src,map.c.o,820
teem-1.6.0-src,mat.c.o,26215
teem-1.6.0-src,matter.c.o,1040
teem-1.6.0-src,measr.c.o,696
teem-1.6.0-src,measure.c.o,14335
teem-1.6.0-src,methodsAlan.c.o,4979
teem-1.6.0-src,methodsBane.c.o,1316
teem-1.6.0-src,methodsDye.c.o,2915
teem-1.6.0-src,methodsEcho.c.o,1921
teem-1.6.0-src,methodsHest.c.o,6370
teem-1.6.0-src,methodsHoover.c.o,3272
teem-1.6.0-src,methodsLimn.c.o,867
teem-1.6.0-src,methodsMoss.c.o,2346
teem-1.6.0-src,methodsNrrd.c.o,10953
teem-1.6.0-src,minmax.c.o,529
teem-1.6.0-src,miscAir.c.o,8265
teem-1.6.0-src,miscEll.c.o,1643
teem-1.6.0-src,miscGage.c.o,1384
teem-1.6.0-src,miscTen.c.o,7084
teem-1.6.0-src,mod.c.o,6570
teem-1.6.0-src,model.c.o,1892
teem-1.6.0-src,mop.c.o,2610
teem-1.6.0-src,obj.c.o,2388
teem-1.6.0-src,objmethods.c.o,3073
teem-1.6.0-src,opac.c.o,926
teem-1.6.0-src,pad.c.o,3084
teem-1.6.0-src,parseAir.c.o,4184
teem-1.6.0-src,parseHest.c.o,30403
teem-1.6.0-src,parseNrrd.c.o,12869
teem-1.6.0-src,permute.c.o,1717
teem-1.6.0-src,pos.c.o,993
teem-1.6.0-src,print.c.o,9322
teem-1.6.0-src,project.c.o,2669
teem-1.6.0-src,pvl.c.o,3465
teem-1.6.0-src,qn.c.o,4973
teem-1.6.0-src,quadvol.c.o,2380
teem-1.6.0-src,quantize.c.o,2414
teem-1.6.0-src,quat.c.o,20698
teem-1.6.0-src,rangeBane.c.o,1845
teem-1.6.0-src,range.c.o,1509
teem-1.6.0-src,ray.c.o,5636
teem-1.6.0-src,rays.c.o,6224
teem-1.6.0-src,read.c.o,5750
teem-1.6.0-src,renderEcho.c.o,8499
teem-1.6.0-src,renderLimn.c.o,5607
teem-1.6.0-src,renderMite.c.o,2461
teem-1.6.0-src,reorder.c.o,21934
teem-1.6.0-src,resample.c.o,4856
teem-1.6.0-src,resampleNrrd.c.o,14032
teem-1.6.0-src,reshape.c.o,1635
teem-1.6.0-src,rmap.c.o,3592
teem-1.6.0-src,sampler.c.o,5209
teem-1.6.0-src,sane.c.o,3700
teem-1.6.0-src,save.c.o,3792
teem-1.6.0-src,scat.c.o,1596
teem-1.6.0-src,sclanswer.c.o,9008
teem-1.6.0-src,scl.c.o,0
teem-1.6.0-src,sclfilter.c.o,14221
teem-1.6.0-src,sclprint.c.o,1647
teem-1.6.0-src,set.c.o,2371
teem-1.6.0-src,shape.c.o,7069
teem-1.6.0-src,shapes.c.o,7694
teem-1.6.0-src,shuffle.c.o,2676
teem-1.6.0-src,sigma.c.o,313
teem-1.6.0-src,simple.c.o,10837
teem-1.6.0-src,slice.c.o,2084
teem-1.6.0-src,soid.c.o,7761
teem-1.6.0-src,sort3.c.o,1133
teem-1.6.0-src,splice.c.o,2312
teem-1.6.0-src,splineEval.c.o,9201
teem-1.6.0-src,splineMethods.c.o,10349
teem-1.6.0-src,splineMisc.c.o,5063
teem-1.6.0-src,sqd.c.o,9040
teem-1.6.0-src,st.c.o,6933
teem-1.6.0-src,string.c.o,3282
teem-1.6.0-src,strings.c.o,1519
teem-1.6.0-src,stub.c.o,520
teem-1.6.0-src,subset.c.o,6717
teem-1.6.0-src,superset.c.o,11652
teem-1.6.0-src,swap.c.o,1493
teem-1.6.0-src,tbc.c.o,2856
teem-1.6.0-src,tblah.c.o,1865
teem-1.6.0-src,tcamanim.c.o,6413
teem-1.6.0-src,tcam.c.o,1918
teem-1.6.0-src,tem.c.o,1620
teem-1.6.0-src,tendAnhist.c.o,1819
teem-1.6.0-src,tendAnplot.c.o,2259
teem-1.6.0-src,tendAnscale.c.o,2081
teem-1.6.0-src,tendAnvol.c.o,2180
teem-1.6.0-src,tendBmat.c.o,1873
teem-1.6.0-src,tendEllipse.c.o,3640
teem-1.6.0-src,tendEpireg.c.o,6259
teem-1.6.0-src,tendEstim.c.o,5453
teem-1.6.0-src,tendEvaladd.c.o,1582
teem-1.6.0-src,tendEvalclamp.c.o,1933
teem-1.6.0-src,tendEval.c.o,3123
teem-1.6.0-src,tendEvalpow.c.o,1493
teem-1.6.0-src,tendEvec.c.o,3217
teem-1.6.0-src,tendEvecrgb.c.o,2738
teem-1.6.0-src,tendEvq.c.o,2904
teem-1.6.0-src,tendExpand.c.o,2104
teem-1.6.0-src,tendFiber.c.o,4161
teem-1.6.0-src,tendFlotsam.c.o,2477
teem-1.6.0-src,tendGlyph.c.o,10052
teem-1.6.0-src,tendMake.c.o,1523
teem-1.6.0-src,tendNorm.c.o,1995
teem-1.6.0-src,tendPoint.c.o,2438
teem-1.6.0-src,tendSatin.c.o,7938
teem-1.6.0-src,tendShrink.c.o,1508
teem-1.6.0-src,tendSim.c.o,2152
teem-1.6.0-src,tendSlice.c.o,1734
teem-1.6.0-src,tendSten.c.o,2039
teem-1.6.0-src,tenGage.c.o,6653
teem-1.6.0-src,tensor.c.o,12174
teem-1.6.0-src,test.c.o,1796
teem-1.6.0-src,tg.c.o,3552
teem-1.6.0-src,threadAir.c.o,2286
teem-1.6.0-src,thread.c.o,722
teem-1.6.0-src,tinfo.c.o,910
teem-1.6.0-src,tkernel.c.o,3017
teem-1.6.0-src,tline.c.o,778
teem-1.6.0-src,tmfKernel.c.o,232608
teem-1.6.0-src,tmop.c.o,1083
teem-1.6.0-src,tok.c.o,536
teem-1.6.0-src,tps.c.o,5728
teem-1.6.0-src,tq.c.o,7250
teem-1.6.0-src,trand.c.o,349
teem-1.6.0-src,transform.c.o,4844
teem-1.6.0-src,tread.c.o,551
teem-1.6.0-src,trend.c.o,23847
teem-1.6.0-src,trex.c.o,641
teem-1.6.0-src,trnsf.c.o,9968
teem-1.6.0-src,tspline.c.o,3506
teem-1.6.0-src,tspot.c.o,1582
teem-1.6.0-src,tt.c.o,3975
teem-1.6.0-src,txf.c.o,7430
teem-1.6.0-src,typestest.c.o,556
teem-1.6.0-src,unblock.c.o,1857
teem-1.6.0-src,unquantize.c.o,1907
teem-1.6.0-src,update.c.o,9284
teem-1.6.0-src,usage.c.o,6982
teem-1.6.0-src,user.c.o,1771
teem-1.6.0-src,valid.c.o,4998
teem-1.6.0-src,vecEll.c.o,2336
teem-1.6.0-src,vecGage.c.o,8190
teem-1.6.0-src,vecprint.c.o,145
teem-1.6.0-src,winKernel.c.o,26938
teem-1.6.0-src,write.c.o,9868
teem-1.6.0-src,xform.c.o,6153
ttt-0.10.1.preproc,connect4.o,7718
ttt-0.10.1.preproc,engine.o,3885
ttt-0.10.1.preproc,main.o,2036
ttt-0.10.1.preproc,parse.o,2581
ttt-0.10.1.preproc,ttt.o,10471
ttt-0.10.1.preproc,util.o,2505
unrarlib-0.4.0,getfile.c.o,1060
unrarlib-0.4.0,listarchive.c.o,1370
unrarlib-0.4.0,unrarlib.c.o,20979
libpng-1.2.5,png2pnm.c.o,4825
libpng-1.2.5,png.c.o,6065
libpng-1.2.5,pngerror.c.o,2332
libpng-1.2.5,pngget.c.o,8370
libpng-1.2.5,pngmem.c.o,1862
libpng-1.2.5,pngpread.c.o,14369
libpng-1.2.5,pngread.c.o,13197
libpng-1.2.5,pngrio.c.o,652
libpng-1.2.5,pngrtran.c.o,50249
libpng-1.2.5,pngrutil.c.o,30748
libpng-1.2.5,pngset.c.o,11809
libpng-1.2.5,pngtest.c.o,11059
libpng-1.2.5,pngtrans.c.o,4477
libpng-1.2.5,pngwio.c.o,873
libpng-1.2.5,pngwrite.c.o,12684
libpng-1.2.5,pngwtran.c.o,6257
libpng-1.2.5,pngwutil.c.o,27711
libpng-1.2.5,pnm2png.c.o,5803
flex-2.5.31,buf.c.o,2312
flex-2.5.31,ccl.c.o,1778
flex-2.5.31,dfa.c.o,10784
flex-2.5.31,ecs.c.o,1303
flex-2.5.31,filter.c.o,4259
flex-2.5.31,gen.c.o,31157
flex-2.5.31,libmain.c.o,107
flex-2.5.31,libyywrap.c.o,67
flex-2.5.31,main.c.o,23434
flex-2.5.31,misc.c.o,12029
flex-2.5.31,nfa.c.o,5941
flex-2.5.31,options.c.o,1230
flex-2.5.31,parse.c.o,14477
flex-2.5.31,regex.c.o,1242
flex-2.5.31,scan.c.o,60755
flex-2.5.31,scanopt.c.o,9102
flex-2.5.31,skel.c.o,79802
flex-2.5.31,sym.c.o,1797
flex-2.5.31,tables.c.o,5764
flex-2.5.31,tables_shared.c.o,132
flex-2.5.31,tblcmp.c.o,6076
flex-2.5.31,yylex.c.o,4159
cg_compiler_opensrc,atom.c.o,7161
cg_compiler_opensrc,binding.c.o,3275
cg_compiler_opensrc,cgcmain.c.o,3953
cg_compiler_opensrc,cgstruct.c.o,372
cg_compiler_opensrc,check.c.o,6646
cg_compiler_opensrc,compile.c.o,26953
cg_compiler_opensrc,constfold.c.o,9475
cg_compiler_opensrc,cpp.c.o,13684
cg_compiler_opensrc,generic_hal.c.o,3538
cg_compiler_opensrc,hal.c.o,7543
cg_compiler_opensrc,inline.c.o,5039
cg_compiler_opensrc,memory.c.o,1623
cg_compiler_opensrc,parser.c.o,20703
cg_compiler_opensrc,printutils.c.o,19149
cg_compiler_opensrc,scanner.c.o,15697
cg_compiler_opensrc,semantic.c.o,8158
cg_compiler_opensrc,stdlib.c.o,10
cg_compiler_opensrc,support.c.o,42673
cg_compiler_opensrc,support_iter.c.o,4732
cg_compiler_opensrc,symbols.c.o,14423
cg_compiler_opensrc,tokenize.c.o,1407
cg_compiler_opensrc,tokens.c.o,6362
lwip-0.5.3.preproc,api_lib.o,5011
lwip-0.5.3.preproc,api_msg.o,4310
lwip-0.5.3.preproc,arp.o,2410
lwip-0.5.3.preproc,err.o,0
lwip-0.5.3.preproc,fs.o,40271
lwip-0.5.3.preproc,httpd.o,1660
lwip-0.5.3.preproc,icmp.o,1683
lwip-0.5.3.preproc,inet.o,946
lwip-0.5.3.preproc,ip_addr.o,0
lwip-0.5.3.preproc,ip.o,2961
lwip-0.5.3.preproc,loopif.o,312
lwip-0.5.3.preproc,mem.o,2145
lwip-0.5.3.preproc,memp.o,2053
lwip-0.5.3.preproc,netif.o,793
lwip-0.5.3.preproc,pbuf.o,3360
lwip-0.5.3.preproc,shell.o,12307
lwip-0.5.3.preproc,simhost.o,684
lwip-0.5.3.preproc,simnode.o,621
lwip-0.5.3.preproc,simrouter.o,806
lwip-0.5.3.preproc,sockets.o,2547
lwip-0.5.3.preproc,stats.o,77
lwip-0.5.3.preproc,sys.o,1040
lwip-0.5.3.preproc,tcpdump.o,2023
lwip-0.5.3.preproc,tcpecho.o,321
lwip-0.5.3.preproc,tcp_input.o,10826
lwip-0.5.3.preproc,tcpip.o,689
lwip-0.5.3.preproc,tcp.o,6639
lwip-0.5.3.preproc,tcp_output.o,5787
lwip-0.5.3.preproc,udpecho.o,393
lwip-0.5.3.preproc,udp.o,2582
